ts,orders_placed,completion_rate,db_lock_waits,alloc_latency_sec,payment_502_count,gateway_p95_ms,rider_rejection_rate,dispatch_queue_depth
2026-10-07 18:00:00,42,0.9442,3,0.87,2,127,0.0714,6
2026-10-07 18:01:00,47,0.9477,2,0.8,2,116,0.0812,5
2026-10-07 18:02:00,46,0.9518,3,0.84,2,122,0.0868,6
2026-10-07 18:03:00,45,0.9481,5,0.8,2,113,0.0781,3
2026-10-07 18:04:00,45,0.9489,3,0.8,2,123,0.0842,8
2026-10-07 18:05:00,48,0.9557,4,0.85,1,122,0.0759,4
2026-10-07 18:06:00,42,0.9452,3,1.57,2,119,0.0748,2
2026-10-07 18:07:00,46,0.9455,3,1.82,2,128,0.0775,3
2026-10-07 18:08:00,43,0.9441,2,1.94,2,127,0.0755,6
2026-10-07 18:09:00,42,0.9482,3,1.19,2,124,0.0777,3
2026-10-07 18:10:00,45,0.9432,3,1.75,2,119,0.0814,7
2026-10-07 18:11:00,48,0.9477,2,1.59,2,132,0.0809,3
2026-10-07 18:12:00,47,0.9429,5,1.8,2,117,0.0873,3
2026-10-07 18:13:00,47,0.9443,4,1.06,2,119,0.0817,7
2026-10-07 18:14:00,47,0.9473,4,0.8,2,113,0.0739,4
2026-10-07 18:15:00,47,0.946,4,0.8,2,116,0.0784,7
2026-10-07 18:16:00,45,0.9486,5,1.15,2,118,0.0812,5
2026-10-07 18:17:00,42,0.9437,3,1.28,3,135,0.0757,5
2026-10-07 18:18:00,47,0.9426,2,1.31,2,114,0.0767,2
2026-10-07 18:19:00,45,0.9465,1,1.01,2,119,0.0712,3
2026-10-07 18:20:00,45,0.9534,1,0.82,3,143,0.0741,4
2026-10-07 18:21:00,44,0.948,6,0.85,2,126,0.0822,4
2026-10-07 18:22:00,43,0.9466,1,1.12,2,122,0.0772,6
2026-10-07 18:23:00,48,0.95,3,1.32,2,120,0.0764,5
2026-10-07 18:24:00,47,0.9467,6,1.75,2,114,0.0744,7
2026-10-07 18:25:00,46,0.9478,4,0.8,2,124,0.0744,4
2026-10-07 18:26:00,44,0.9478,3,1.1,2,118,0.0808,7
2026-10-07 18:27:00,47,0.9393,3,1.26,2,117,0.0712,5
2026-10-07 18:28:00,45,0.9522,1,1.5,2,120,0.0747,4
2026-10-07 18:29:00,45,0.9509,4,1.81,2,124,0.0887,6
2026-10-07 18:30:00,45,0.9495,3,1.22,2,128,0.0741,6
2026-10-07 18:31:00,43,0.9464,5,1.46,3,126,0.0721,5
2026-10-07 18:32:00,42,0.9435,2,1.73,2,114,0.0749,5
2026-10-07 18:33:00,45,0.9434,2,1.31,2,125,0.0685,5
2026-10-07 18:34:00,48,0.9472,4,1.77,1,115,0.083,3
2026-10-07 18:35:00,42,0.9514,4,1.5,2,127,0.0853,5
2026-10-07 18:36:00,48,0.9477,3,0.9,2,119,0.0819,6
2026-10-07 18:37:00,47,0.9438,3,1.72,2,113,0.081,6
2026-10-07 18:38:00,43,0.947,5,1.5,2,124,0.0916,5
2026-10-07 18:39:00,46,0.941,5,1.04,2,130,0.072,3
2026-10-07 18:40:00,43,0.9422,2,1.35,2,122,0.0729,2
2026-10-07 18:41:00,47,0.9472,2,1.36,2,121,0.0838,5
2026-10-07 18:42:00,46,0.9486,2,1.14,2,127,0.078,6
2026-10-07 18:43:00,44,0.9462,3,1.49,1,110,0.0726,2
2026-10-07 18:44:00,42,0.945,4,1.1,2,129,0.0866,5
2026-10-07 18:45:00,48,0.9511,3,0.91,2,108,0.0756,4
2026-10-07 18:46:00,45,0.9494,6,0.8,2,112,0.0824,5
2026-10-07 18:47:00,48,0.9415,4,0.99,2,111,0.0767,6
2026-10-07 18:48:00,46,0.9464,177,44.79,2,117,0.0726,7
2026-10-07 18:49:00,47,0.6807,191,39.89,3,137,0.0803,68
2026-10-07 18:50:00,47,0.6703,199,44.76,88,841,0.0777,70
2026-10-07 18:51:00,43,0.6787,182,45.58,90,845,0.08,71
2026-10-07 18:52:00,44,0.6855,185,41.23,88,790,0.0818,59
2026-10-07 18:53:00,45,0.6735,204,43.09,82,841,0.0652,70
2026-10-07 18:54:00,45,0.6709,196,39.57,89,892,0.0766,75
2026-10-07 18:55:00,42,0.6655,176,43.13,87,884,0.0782,71
2026-10-07 18:56:00,45,0.6699,178,42.51,93,862,0.0791,72
2026-10-07 18:57:00,43,0.6774,168,39.78,90,827,0.0762,70
2026-10-07 18:58:00,47,0.6708,179,42.66,83,890,0.0809,69
2026-10-07 18:59:00,46,0.6686,187,46.99,91,898,0.0785,64
2026-10-07 19:00:00,48,0.6638,188,42.6,87,888,0.0779,71
2026-10-07 19:01:00,47,0.6666,170,42.59,86,812,0.0716,70
2026-10-07 19:02:00,44,0.6737,174,43.18,97,819,0.0802,66
2026-10-07 19:03:00,48,0.6826,178,39.22,83,871,0.0784,71
2026-10-07 19:04:00,44,0.6766,176,46.62,84,868,0.0713,76
2026-10-07 19:05:00,44,0.6773,171,41.14,82,864,0.2937,59
2026-10-07 19:06:00,48,0.6811,204,43.05,94,869,0.315,67
2026-10-07 19:07:00,44,0.6856,183,41.39,86,827,0.2722,57
2026-10-07 19:08:00,42,0.6707,190,39.56,89,869,0.2998,71
2026-10-07 19:09:00,45,0.6772,176,39.44,79,805,0.2889,74
2026-10-07 19:10:00,47,0.6802,185,41.53,94,874,0.2806,69
2026-10-07 19:11:00,43,0.675,198,43.29,90,841,0.2878,64
2026-10-07 19:12:00,45,0.6839,192,43.59,92,796,0.301,71
2026-10-07 19:13:00,42,0.6693,180,42.51,90,811,0.2994,70
2026-10-07 19:14:00,46,0.672,169,41.62,93,862,0.2786,62
2026-10-07 19:15:00,45,0.6883,183,42.95,89,813,0.2962,73
2026-10-07 19:16:00,44,0.6802,176,42.61,88,893,0.2861,62
2026-10-07 19:17:00,43,0.669,184,45.9,86,823,0.2961,66
2026-10-07 19:18:00,45,0.7034,181,42.91,86,879,0.2957,72
2026-10-07 19:19:00,46,0.6701,161,43.67,90,853,0.2917,61
2026-10-07 19:20:00,48,0.6629,187,42.16,90,843,0.2988,58
2026-10-07 19:21:00,45,0.658,192,40.92,86,833,0.2951,59
2026-10-07 19:22:00,43,0.6768,184,42.26,87,912,0.2973,76
2026-10-07 19:23:00,47,0.6895,190,44.89,97,794,0.2962,71
2026-10-07 19:24:00,46,0.678,178,42.19,96,899,0.3037,70
2026-10-07 19:25:00,46,0.6803,185,45.0,92,762,0.3046,66
2026-10-07 19:26:00,42,0.678,175,47.61,98,854,0.288,70
2026-10-07 19:27:00,44,0.6798,177,41.73,85,819,0.3133,71
2026-10-07 19:28:00,47,0.6668,184,43.58,88,836,0.3104,70
2026-10-07 19:29:00,47,0.6775,181,44.06,88,869,0.3,64
2026-10-07 19:30:00,45,0.6696,175,37.86,90,842,0.296,63
2026-10-07 19:31:00,47,0.678,158,42.09,96,856,0.294,73
2026-10-07 19:32:00,47,0.6836,170,44.43,86,824,0.2935,69
2026-10-07 19:33:00,44,0.6792,166,45.68,91,863,0.2982,70
2026-10-07 19:34:00,48,0.6764,194,41.81,89,802,0.289,62
2026-10-07 19:35:00,44,0.6789,184,42.15,83,804,0.3078,66
2026-10-07 19:36:00,43,0.6858,196,43.24,96,868,0.3072,74
2026-10-07 19:37:00,46,0.6688,195,41.32,91,852,0.3136,67
2026-10-07 19:38:00,46,0.6922,178,41.32,89,787,0.2893,68
2026-10-07 19:39:00,42,0.6918,179,42.01,80,834,0.3002,56
2026-10-07 19:40:00,47,0.6836,183,40.6,90,894,0.2706,69
2026-10-07 19:41:00,43,0.6747,205,46.5,84,793,0.2986,66
2026-10-07 19:42:00,47,0.6716,167,44.14,90,809,0.2962,71
2026-10-07 19:43:00,42,0.6682,199,46.9,97,818,0.2841,63
2026-10-07 19:44:00,47,0.6851,203,42.74,89,829,0.2682,66
2026-10-07 19:45:00,47,0.6708,184,43.96,94,833,0.3067,71
2026-10-07 19:46:00,47,0.6829,180,43.43,96,820,0.3202,76
2026-10-07 19:47:00,46,0.6716,190,45.79,86,831,0.3093,70
2026-10-07 19:48:00,45,0.6713,180,41.71,93,868,0.3184,71
2026-10-07 19:49:00,46,0.6875,184,41.45,80,874,0.3007,57
2026-10-07 19:50:00,43,0.6801,176,36.68,82,830,0.2861,72
2026-10-07 19:51:00,47,0.6558,170,45.08,84,874,0.2919,66
2026-10-07 19:52:00,45,0.6778,172,40.6,91,879,0.3035,60
2026-10-07 19:53:00,45,0.6817,184,46.65,104,844,0.2904,71
2026-10-07 19:54:00,45,0.676,189,41.73,84,861,0.323,71
2026-10-07 19:55:00,45,0.675,163,44.16,84,890,0.3149,70
2026-10-07 19:56:00,42,0.6803,186,42.44,96,764,0.2962,75
2026-10-07 19:57:00,42,0.6737,173,45.69,81,906,0.3072,70
2026-10-07 19:58:00,43,0.68,174,43.74,90,865,0.295,71
2026-10-07 19:59:00,42,0.6763,190,42.07,92,892,0.3022,67
2026-10-07 20:00:00,45,0.6799,171,37.91,88,761,0.285,68
2026-10-07 20:01:00,46,0.6755,203,45.79,88,865,0.2987,65
2026-10-07 20:02:00,46,0.6712,190,40.19,95,851,0.2846,70
2026-10-07 20:03:00,45,0.6948,178,41.59,88,901,0.3054,61
2026-10-07 20:04:00,47,0.6731,183,42.45,87,818,0.2958,68
2026-10-07 20:05:00,45,0.6763,193,42.83,79,849,0.324,70
2026-10-07 20:06:00,42,0.6755,173,45.28,84,768,0.2972,58
2026-10-07 20:07:00,47,0.6859,186,42.77,100,821,0.309,62
2026-10-07 20:08:00,46,0.6638,194,41.41,93,862,0.2812,64
2026-10-07 20:09:00,46,0.6749,188,41.64,86,816,0.2887,69
2026-10-07 20:10:00,45,0.6664,183,41.97,90,881,0.2734,62
2026-10-07 20:11:00,45,0.6701,157,44.36,83,808,0.2979,66
2026-10-07 20:12:00,42,0.6881,179,44.83,88,891,0.3061,61
2026-10-07 20:13:00,45,0.7013,173,43.33,92,827,0.3069,59
2026-10-07 20:14:00,47,0.6682,184,44.69,91,849,0.3034,64
2026-10-07 20:15:00,44,0.6661,156,43.62,89,885,0.2979,68
2026-10-07 20:16:00,46,0.684,184,37.6,102,817,0.2988,69
2026-10-07 20:17:00,42,0.6791,179,38.0,89,802,0.3119,70
2026-10-07 20:18:00,44,0.6737,174,43.6,89,876,0.2936,69
2026-10-07 20:19:00,45,0.669,163,42.51,91,780,0.3028,66
2026-10-07 20:20:00,48,0.6699,186,41.72,87,834,0.3073,69
2026-10-07 20:21:00,43,0.6786,171,40.68,90,849,0.2974,68
2026-10-07 20:22:00,43,0.6821,176,45.69,93,827,0.2931,61
2026-10-07 20:23:00,44,0.6917,191,43.57,85,852,0.2859,79
2026-10-07 20:24:00,48,0.6744,171,49.02,84,901,0.3134,68
2026-10-07 20:25:00,47,0.6835,156,39.54,96,802,0.3036,74
2026-10-07 20:26:00,42,0.6735,177,41.63,90,863,0.2963,66
2026-10-07 20:27:00,43,0.6802,160,37.07,91,836,0.308,68
2026-10-07 20:28:00,47,0.6849,171,43.68,86,843,0.309,76
2026-10-07 20:29:00,42,0.6733,195,39.75,94,805,0.2843,68
2026-10-07 20:30:00,47,0.6818,177,43.68,89,881,0.3047,65
2026-10-07 20:31:00,43,0.675,178,43.7,94,833,0.2926,69
2026-10-07 20:32:00,48,0.6743,187,45.56,80,858,0.2872,69
2026-10-07 20:33:00,44,0.6656,177,40.55,88,818,0.2933,70
2026-10-07 20:34:00,45,0.6718,175,43.09,93,762,0.3143,71
2026-10-07 20:35:00,46,0.6776,161,44.82,87,819,0.3104,62
2026-10-07 20:36:00,42,0.6726,180,39.1,84,853,0.2853,64
2026-10-07 20:37:00,45,0.6638,181,42.61,91,819,0.3109,65
2026-10-07 20:38:00,45,0.6799,173,43.21,88,874,0.2972,68
2026-10-07 20:39:00,47,0.6794,196,43.22,90,842,0.2906,65
2026-10-07 20:40:00,48,0.6787,182,44.41,92,847,0.2936,70
2026-10-07 20:41:00,46,0.6875,179,39.22,84,903,0.3079,71
2026-10-07 20:42:00,44,0.679,180,40.03,83,806,0.3068,68
2026-10-07 20:43:00,44,0.6743,181,43.84,85,859,0.3111,73
2026-10-07 20:44:00,44,0.6841,181,39.19,96,936,0.3044,62
2026-10-07 20:45:00,47,0.6755,183,42.95,95,849,0.3064,67
2026-10-07 20:46:00,44,0.6608,180,42.13,92,862,0.2862,63
2026-10-07 20:47:00,43,0.6791,182,43.57,90,874,0.3104,72
2026-10-07 20:48:00,44,0.6892,177,40.72,86,856,0.3047,63
2026-10-07 20:49:00,42,0.6824,182,43.93,86,852,0.2997,68
2026-10-07 20:50:00,42,0.6716,176,42.81,91,875,0.3038,66
2026-10-07 20:51:00,42,0.6751,171,44.34,90,872,0.2898,69
2026-10-07 20:52:00,47,0.6884,175,39.64,93,887,0.3338,71
2026-10-07 20:53:00,47,0.6818,183,42.13,93,839,0.3255,71
2026-10-07 20:54:00,46,0.6838,200,43.37,85,851,0.3021,63
2026-10-07 20:55:00,45,0.6866,181,43.51,88,863,0.3073,67
2026-10-07 20:56:00,47,0.6728,180,41.75,90,827,0.301,61
2026-10-07 20:57:00,43,0.6677,185,39.31,85,819,0.2995,76
2026-10-07 20:58:00,48,0.6653,185,40.45,90,885,0.2876,64
2026-10-07 20:59:00,45,0.659,191,43.38,91,844,0.3057,64
2026-10-07 21:00:00,48,0.679,186,44.27,84,907,0.2934,53
2026-10-07 21:01:00,43,0.6858,187,47.69,92,884,0.3144,60
2026-10-07 21:02:00,45,0.6559,175,39.77,92,835,0.3232,66
2026-10-07 21:03:00,46,0.6757,185,42.92,101,842,0.305,70
2026-10-07 21:04:00,45,0.6708,182,44.5,91,849,0.2941,60
2026-10-07 21:05:00,45,0.6845,159,41.53,89,829,0.318,63
2026-10-07 21:06:00,43,0.6877,182,42.81,98,820,0.2958,76
2026-10-07 21:07:00,44,0.6771,169,41.4,88,777,0.3061,76
2026-10-07 21:08:00,43,0.6651,187,40.46,96,849,0.2765,71
2026-10-07 21:09:00,44,0.6744,174,43.47,91,829,0.2896,73
2026-10-07 21:10:00,46,0.6869,163,38.4,86,831,0.3074,75
2026-10-07 21:11:00,46,0.6779,201,40.56,82,881,0.2878,77
2026-10-07 21:12:00,46,0.6702,181,43.43,94,928,0.2955,72
2026-10-07 21:13:00,44,0.686,176,42.22,81,793,0.2849,65
2026-10-07 21:14:00,48,0.6743,187,42.04,92,868,0.2891,66
2026-10-07 21:15:00,42,0.6772,182,41.91,91,875,0.3165,67
2026-10-07 21:16:00,44,0.6736,179,36.52,93,857,0.3121,74
2026-10-07 21:17:00,42,0.6797,174,46.27,91,832,0.3001,72
2026-10-07 21:18:00,44,0.6774,199,43.71,95,834,0.3138,66
2026-10-07 21:19:00,48,0.6818,186,43.58,88,874,0.2995,70
2026-10-07 21:20:00,44,0.6811,176,36.79,80,875,0.3172,66
2026-10-07 21:21:00,48,0.6635,182,43.1,101,869,0.3177,70
2026-10-07 21:22:00,45,0.6773,170,44.42,92,880,0.301,70
2026-10-07 21:23:00,46,0.6879,164,39.94,80,881,0.2935,69
2026-10-07 21:24:00,45,0.6647,188,38.67,87,838,0.2777,72
2026-10-07 21:25:00,43,0.6736,195,42.53,97,894,0.2902,67
2026-10-07 21:26:00,47,0.6833,177,41.47,93,847,0.2884,65
2026-10-07 21:27:00,48,0.6883,169,37.26,90,832,0.3032,64
2026-10-07 21:28:00,43,0.6748,176,42.3,90,830,0.3083,67
2026-10-07 21:29:00,47,0.6879,162,43.13,95,829,0.2822,67
2026-10-07 21:30:00,43,0.6892,179,41.09,92,854,0.3047,73
